{
  "1": [
    [
      140945.596667,
      152334.443333
    ],
    3739.2933764,
    {
      "23": [
        140808.2,
        152432.47
      ],
      "27": [
        140416.57,
        152146.08
      ],
      "28": [
        141612.02,
        152424.78
      ]
    }
  ],
  "2": [
    [
      136981.19,
      158162.924
    ],
    3944.1010592,
    {
      "65": [
        137348.14,
        155938.46
      ],
      "70": [
        137889.68,
        157781.66
      ],
      "71": [
        136656.23,
        157553.55
      ],
      "75": [
        135607.1,
        159148.92
      ],
      "81": [
        137404.8,
        160392.03
      ]
    }
  ],
  "3": [
    [
      139864.55,
      159666.656667
    ],
    3479.7959547,
    {
      "72": [
        139713.81,
        158198.05
      ],
      "80": [
        140522.99,
        160396.75
      ],
      "82": [
        139356.85,
        160405.17
      ]
    }
  ],
  "4": [
    [
      139601.656,
      155751.26
    ],
    3523.1881134,
    {
      "60": [
        140500.84,
        155007.68
      ],
      "61": [
        138793.52,
        155638.19
      ],
      "62": [
        139842.82,
        155778.7
      ],
      "63": [
        138989.32,
        156131.45
      ],
      "64": [
        139881.78,
        156200.28
      ]
    }
  ],
  "5": [
    [
      144522.255,
      150717.2775
    ],
    2382.27072,
    {
      "8": [
        143903.27,
        150127.84
      ],
      "9": [
        145062.68,
        150092.55
      ],
      "13": [
        143976.3,
        151159.16
      ],
      "17": [
        145146.77,
        151489.56
      ]
    }
  ],
  "6": [
    [
      150411.075,
      157314.56
    ],
    3527.02029,
    {
      "52": [
        149951.9,
        157738.28
      ],
      "53": [
        150870.25,
        156890.84
      ]
    }
  ],
  "7": [
    [
      162435.375,
      166063.26
    ],
    2926.940804,
    {
      "112": [
        163428.02,
        166293.35
      ],
      "113": [
        161442.73,
        165833.17
      ]
    }
  ],
  "8": [
    [
      150349.59,
      151023.62
    ],
    2321.0269681,
    {
      "12": [
        149198.46,
        149918.92
      ],
      "25": [
        151500.72,
        152128.32
      ]
    }
  ],
  "9": [
    [
      148628.72,
      155519.303333
    ],
    2033.6846703,
    {
      "42": [
        149026.56,
        154716.68
      ],
      "45": [
        149088.16,
        155678.19
      ],
      "50": [
        147771.44,
        156163.04
      ]
    }
  ],
  "10": [
    [
      155927.964,
      161485.672
    ],
    2852.540228,
    {
      "98": [
        156650.53,
        160402.73
      ],
      "100": [
        155780.61,
        161155.06
      ],
      "101": [
        155973.69,
        161520.81
      ],
      "102": [
        155757.62,
        161698.63
      ],
      "104": [
        155477.37,
        162651.13
      ]
    }
  ],
  "11": [
    [
      148253.94,
      157800.3225
    ],
    2463.1227543,
    {
      "51": [
        148886.18,
        156757.98
      ],
      "84": [
        147221.06,
        157904.41
      ],
      "85": [
        149007.88,
        158255.23
      ],
      "86": [
        147900.64,
        158283.67
      ]
    }
  ],
  "12": [
    [
      146104.56,
      155829.4225
    ],
    3686.6962859,
    {
      "44": [
        147066.4,
        155149.29
      ],
      "47": [
        144403.29,
        155930.01
      ],
      "48": [
        146013.29,
        155683.12
      ],
      "49": [
        146935.26,
        156555.27
      ]
    }
  ],
  "13": [
    [
      146184.9825,
      160001.635
    ],
    3620.7812584,
    {
      "91": [
        145614.26,
        159480.68
      ],
      "93": [
        146987.68,
        159418.21
      ],
      "94": [
        145693.65,
        160063.07
      ],
      "96": [
        146444.34,
        161044.58
      ]
    }
  ],
  "14": [
    [
      153988.53,
      160235.76
    ],
    3703.74815,
    {
      "99": [
        154830.09,
        160255.05
      ],
      "103": [
        153146.97,
        160216.47
      ]
    }
  ],
  "15": [
    [
      140658.82,
      154562.3325
    ],
    3915.4130856,
    {
      "36": [
        140309.15,
        153473.78
      ],
      "40": [
        141339.45,
        153959.72
      ],
      "56": [
        139465.51,
        154309.73
      ],
      "67": [
        141521.17,
        156506.1
      ]
    }
  ],
  "16": [
    [
      150408.165,
      153706.15
    ],
    3415.093335,
    {
      "38": [
        151449.44,
        153764.25
      ],
      "39": [
        149366.89,
        153648.05
      ]
    }
  ],
  "17": [
    [
      145170.4275,
      158267.6275
    ],
    2662.1746878,
    {
      "69": [
        144718.68,
        157602.56
      ],
      "74": [
        144512.67,
        158820.03
      ],
      "83": [
        145961.77,
        157814.67
      ],
      "88": [
        145488.59,
        158833.25
      ]
    }
  ],
  "18": [
    [
      146867.945,
      150123.465
    ],
    3559.2873772,
    {
      "4": [
        146277.0,
        149377.05
      ],
      "5": [
        148037.42,
        149443.9
      ],
      "7": [
        146343.98,
        150237.09
      ],
      "16": [
        146813.38,
        151435.82
      ]
    }
  ],
  "19": [
    [
      142852.066667,
      153713.83
    ],
    3930.034822,
    {
      "32": [
        142733.35,
        153099.59
      ],
      "33": [
        143678.06,
        153444.64
      ],
      "43": [
        142144.79,
        154597.26
      ]
    }
  ],
  "20": [
    [
      169251.06,
      165333.16
    ],
    168.5097246,
    {
      "109": [
        169251.06,
        165333.16
      ]
    }
  ],
  "21": [
    [
      164862.915,
      164898.725
    ],
    3564.418761,
    {
      "105": [
        164429.87,
        163489.97
      ],
      "110": [
        165295.96,
        166307.48
      ]
    }
  ],
  "22": [
    [
      148733.446667,
      159624.206667
    ],
    2772.9307753,
    {
      "89": [
        148375.72,
        159294.26
      ],
      "90": [
        149100.78,
        159241.67
      ],
      "95": [
        148723.84,
        160336.69
      ]
    }
  ],
  "23": [
    [
      150167.46,
      159667.78
    ],
    3471.2685131,
    {
      "87": [
        150211.94,
        158547.64
      ],
      "92": [
        150413.22,
        159364.66
      ],
      "97": [
        149877.22,
        161091.04
      ]
    }
  ],
  "24": [
    [
      141535.295,
      150282.395
    ],
    3363.4997328,
    {
      "6": [
        141732.23,
        149908.02
      ],
      "10": [
        142863.27,
        150030.94
      ],
      "11": [
        139998.81,
        150082.72
      ],
      "14": [
        141546.87,
        151107.9
      ]
    }
  ],
  "25": [
    [
      157921.02,
      165685.02
    ],
    3881.799923,
    {
      "107": [
        158487.34,
        164413.38
      ],
      "111": [
        157354.7,
        166956.66
      ]
    }
  ],
  "26": [
    [
      143051.308333,
      159250.901667
    ],
    3675.02912055,
    {
      "68": [
        143425.75,
        157339.4
      ],
      "73": [
        142527.76,
        158312.97
      ],
      "76": [
        142990.55,
        159397.09
      ],
      "77": [
        144348.86,
        159828.82
      ],
      "78": [
        143385.22,
        160463.48
      ],
      "79": [
        141629.71,
        160163.65
      ]
    }
  ],
  "27": [
    [
      139063.51,
      152363.3
    ],
    1763.6181783,
    {
      "26": [
        139366.74,
        151652.59
      ],
      "54": [
        138760.28,
        153074.01
      ]
    }
  ],
  "28": [
    [
      144769.253333,
      153717.41
    ],
    3838.6516586,
    {
      "29": [
        145313.21,
        152711.95
      ],
      "31": [
        143839.8,
        153020.83
      ],