{
  "1": [
    [
      144821.492,
      158081.982
    ],
    3381.2547216,
    {
      "68": [
        143425.75,
        157339.4
      ],
      "69": [
        144718.68,
        157602.56
      ],
      "74": [
        144512.67,
        158820.03
      ],
      "83": [
        145961.77,
        157814.67
      ],
      "88": [
        145488.59,
        158833.25
      ]
    }
  ],
  "2": [
    [
      148157.44,
      157472.866
    ],
    3453.6906017,
    {
      "50": [
        147771.44,
        156163.04
      ],
      "51": [
        148886.18,
        156757.98
      ],
      "84": [
        147221.06,
        157904.41
      ],
      "85": [
        149007.88,
        158255.23
      ],
      "86": [
        147900.64,
        158283.67
      ]
    }
  ],
  "3": [
    [
      136875.2875,
      157605.6475
    ],
    2972.5894532,
    {
      "65": [
        137348.14,
        155938.46
      ],
      "70": [
        137889.68,
        157781.66
      ],
      "71": [
        136656.23,
        157553.55
      ],
      "75": [
        135607.1,
        159148.92
      ]
    }
  ],
  "4": [
    [
      141348.1125,
      158295.1925
    ],
    2678.28270495,
    {
      "67": [
        141521.17,
        156506.1
      ],
      "72": [
        139713.81,
        158198.05
      ],
      "73": [
        142527.76,
        158312.97
      ],
      "79": [
        141629.71,
        160163.65
      ]
    }
  ],
  "5": [
    [
      138509.61,
      155318.1
    ],
    3621.6283604,
    {
      "55": [
        138393.68,
        154240.89
      ],
      "57": [
        137872.62,
        155016.21
      ],
      "58": [
        139064.12,
        155217.43
      ],
      "59": [
        138015.18,
        155514.96
      ],
      "66": [
        139202.45,
        156601.01
      ]
    }
  ],
  "6": [
    [
      139094.88,
      160397.983333
    ],
    3264.0928997,
    {
      "80": [
        140522.99,
        160396.75
      ],
      "81": [
        137404.8,
        160392.03
      ],
      "82": [
        139356.85,
        160405.17
      ]
    }
  ],
  "7": [
    [
      162435.375,
      166063.26
    ],
    2926.940804,
    {
      "112": [
        163428.02,
        166293.35
      ],
      "113": [
        161442.73,
        165833.17
      ]
    }
  ],
  "8": [
    [
      139601.656,
      155751.26
    ],
    3523.1881134,
    {
      "60": [
        140500.84,
        155007.68
      ],
      "61": [
        138793.52,
        155638.19
      ],
      "62": [
        139842.82,
        155778.7
      ],
      "63": [
        138989.32,
        156131.45
      ],
      "64": [
        139881.78,
        156200.28
      ]
    }
  ],
  "9": [
    [
      143574.876667,
      159896.463333
    ],
    2245.7509138,
    {
      "76": [
        142990.55,
        159397.09
      ],
      "77": [
        144348.86,
        159828.82
      ],
      "78": [
        143385.22,
        160463.48
      ]
    }
  ],
  "10": [
    [
      143426.4225,
      154346.025
    ],
    3947.0254792,
    {
      "33": [
        143678.06,
        153444.64
      ],
      "41": [
        144690.98,
        154316.99
      ],
      "43": [
        142144.79,
        154597.26
      ],
      "46": [
        143191.86,
        155025.21
      ]
    }
  ],
  "11": [
    [
      149019.39,
      159990.915
    ],
    3423.6302467,
    {
      "89": [
        148375.72,
        159294.26
      ],
      "90": [
        149100.78,
        159241.67
      ],
      "95": [
        148723.84,
        160336.69
      ],
      "97": [
        149877.22,
        161091.04
      ]
    }
  ],
  "12": [
    [
      169251.06,
      165333.16
    ],
    168.5097246,
    {
      "109": [
        169251.06,
        165333.16
      ]
    }
  ],
  "13": [
    [
      158431.25,
      162322.4
    ],
    2562.532347,
    {
      "106": [
        158431.25,
        162322.4
      ]
    }
  ],
  "14": [
    [
      146104.56,
      155829.4225
    ],
    3686.6962859,
    {
      "44": [
        147066.4,
        155149.29
      ],
      "47": [
        144403.29,
        155930.01
      ],
      "48": [
        146013.29,
        155683.12
      ],
      "49": [
        146935.26,
        156555.27
      ]
    }
  ],
  "15": [
    [
      146020.4175,
      153191.145
    ],
    3809.1767315,
    {
      "29": [
        145313.21,
        152711.95
      ],
      "34": [
        145035.99,
        153315.7
      ],
      "35": [
        147188.79,
        152823.15
      ],
      "37": [
        146543.68,
        153913.78
      ]
    }
  ],
  "16": [
    [
      155754.7125,
      160877.8675
    ],
    3948.4791157,
    {
      "98": [
        156650.53,
        160402.73
      ],
      "99": [
        154830.09,
        160255.05
      ],
      "100": [
        155780.61,
        161155.06
      ],
      "102": [
        155757.62,
        161698.63
      ]
    }
  ],
  "17": [
    [
      141540.053333,
      152251.673333
    ],
    3945.7048931,
    {
      "20": [
        142199.94,
        151897.77
      ],
      "23": [
        140808.2,
        152432.47
      ],
      "28": [
        141612.02,
        152424.78
      ]
    }
  ],
  "18": [
    [
      150312.58,
      158956.15
    ],
    2820.5690417,
    {
      "87": [
        150211.94,
        158547.64
      ],
      "92": [
        150413.22,
        159364.66
      ]
    }
  ],
  "19": [
    [
      144365.195,
      151157.833333
    ],
    3255.9170651,
    {
      "8": [
        143903.27,
        150127.84
      ],
      "9": [
        145062.68,
        150092.55
      ],
      "13": [
        143976.3,
        151159.16
      ],
      "17": [
        145146.77,
        151489.56
      ],
      "19": [
        143800.1,
        151838.39
      ],
      "22": [
        144302.05,
        152239.5
      ]
    }
  ],
  "20": [
    [
      157921.02,
      165685.02
    ],
    3881.799923,
    {
      "107": [
        158487.34,
        164413.38
      ],
      "111": [
        157354.7,
        166956.66
      ]
    }
  ],
  "21": [
    [
      150411.075,
      157314.56
    ],
    3527.02029,
    {
      "52": [
        149951.9,
        157738.28
      ],
      "53": [
        150870.25,
        156890.84
      ]
    }
  ],
  "22": [
    [
      142197.2425,
      150572.455
    ],
    3223.0122286,
    {
      "6": [
        141732.23,
        149908.02
      ],
      "10": [
        142863.27,
        150030.94
      ],
      "14": [
        141546.87,
        151107.9
      ],
      "15": [
        142646.6,
        151242.96
      ]
    }
  ],
  "23": [
    [
      154819.695,
      162259.685
    ],
    3593.1280945,
    {
      "101": [
        155973.69,
        161520.81
      ],
      "103": [
        153146.97,
        160216.47
      ],
      "104": [
        155477.37,
        162651.13
      ],
      "108": [
        154680.75,
        164650.33
      ]
    }
  ],
  "24": [
    [
      164862.915,
      164898.725
    ],
    3564.418761,
    {
      "105": [
        164429.87,
        163489.97
      ],
      "110": [
        165295.96,
        166307.48
      ]
    }
  ],
  "25": [
    [
      139927.373333,
      151293.796667
    ],
    2725.7762316,
    {
      "11": [
        139998.81,
        150082.72
      ],
      "26": [
        139366.74,
        151652.59
      ],
      "27": [
        140416.57,
        152146.08
      ]
    }
  ],
  "26": [
    [
      142956.815,
      152816.16
    ],
    2777.7829421,
    {
      "24": [
        143106.67,
        152356.13
      ],
      "30": [
        142147.44,
        152788.09
      ],
      "31": [
        143839.8,
        153020.83
      ],
      "32": [
        142733.35,
        153099.59
      ]
    }
  ],
  "27": [
    [
      149160.536667,
      154680.973333
    ],
    3044.5264519,
    {
      "39": [
        149366.89,
        153648.05
      ],
      "42": [
        149026.56,
        154716.68
      ],